Type,Name,Request Count,Failure Count,Median Response Time,Average Response Time,Min Response Time,Max Response Time,Average Content Size,Requests/s,Failures/s,50%,66%,75%,80%,90%,95%,98%,99%,99.9%,99.99%,100%
GET,/search?q=locust,3528,3065,22000.0,23084.5649969954,1103.1596000102581,66172.31080000056,11669.722789115645,51.10936248008808,44.401982993613935,22000,25000,29000,32000,42000,52000,57000,62000,66000,66000,66000
GET,"/search?q=locust&google_abuse=GOOGLE_ABUSE_EXEMPTION%3DID%3D0ccf1ece59c6138f:TM%3D1741337538:C%3D%3E:IP%3D102.0.6.98-:S%3Dr-sSg7BVlI14HnWkB14RKA%3B+path%3D/%3B+domain%3Dgoogle.com%3B+expires%3DFri,+07-Mar-2025+11:52:18+GMT",1,1,34105.385300004855,34105.385300004855,34105.385300004855,34105.385300004855,0.0,0.014486780748324286,0.014486780748324286,34000,34000,34000,34000,34000,34000,34000,34000,34000,34000,34000
GET,"/search?q=locust&google_abuse=GOOGLE_ABUSE_EXEMPTION%3DID%3D13f0fa9957354f40:TM%3D1741337535:C%3D%3E:IP%3D102.0.6.98-:S%3DYvWr_suevxfwakJyH792hg%3B+path%3D/%3B+domain%3Dgoogle.com%3B+expires%3DFri,+07-Mar-2025+11:52:15+GMT",1,1,25047.472299993387,25047.472299993387,25047.472299993387,25047.472299993387,0.0,0.014486780748324286,0.014486780748324286,25000,25000,25000,25000,25000,25000,25000,25000,25000,25000,25000
GET,"/search?q=locust&google_abuse=GOOGLE_ABUSE_EXEMPTION%3DID%3D15e29a981c961895:TM%3D1741337531:C%3D%3E:IP%3D102.0.6.98-:S%3DlBoxbi9IPe9C0lykg0h9Dg%3B+path%3D/%3B+domain%3Dgoogle.com%3B+expires%3DFri,+07-Mar-2025+11:52:11+GMT",1,1,22911.24270000728,22911.24270000728,22911.24270000728,22911.24270000728,0.0,0.014486780748324286,0.014486780748324286,23000,23000,23000,23000,23000,23000,23000,23000,23000,23000,23000
GET,"/search?q=locust&google_abuse=GOOGLE_ABUSE_EXEMPTION%3DID%3D1d310ebedd92df70:TM%3D1741337549:C%3D%3E:IP%3D102.0.6.98-:S%3Dce62HGEZnq56w2kGNERnIA%3B+path%3D/%3B+domain%3Dgoogle.com%3B+expires%3DFri,+07-Mar-2025+11:52:29+GMT",1,1,24229.850300005637,24229.850300005637,24229.850300005637,24229.850300005637,0.0,0.014486780748324286,0.014486780748324286,24000,24000,24000,24000,24000,24000,24000,24000,24000,24000,24000
GET,"/search?q=locust&google_abuse=GOOGLE_ABUSE_EXEMPTION%3DID%3D21a35d174539e4c0:TM%3D1741337538:C%3D%3E:IP%3D102.0.6.98-:S%3DDU7EJ90SQdnKWOVdayOg_A%3B+path%3D/%3B+domain%3Dgoogle.com%3B+expires%3DFri,+07-Mar-2025+11:52:18+GMT",1,1,30641.76210000005,30641.76210000005,30641.76210000005,30641.76210000005,0.0,0.014486780748324286,0.014486780748324286,31000,31000,31000,31000,31000,31000,31000,31000,31000,31000,31000
GET,"/search?q=locust&google_abuse=GOOGLE_ABUSE_EXEMPTION%3DID%3D3b15660893da1c7b:TM%3D1741337527:C%3D%3E:IP%3D102.0.6.98-:S%3DpVog8FXI4gpyIi_9eHyNyQ%3B+path%3D/%3B+domain%3Dgoogle.com%3B+expires%3DFri,+07-Mar-2025+11:52:07+GMT",1,1,41660.74170000502,41660.74170000502,41660.74170000502,41660.74170000502,0.0,0.014486780748324286,0.014486780748324286,42000,42000,42000,42000,42000,42000,42000,42000,42000,42000,42000
GET,"/search?q=locust&google_abuse=GOOGLE_ABUSE_EXEMPTION%3DID%3D411cbbed41e74f52:TM%3D1741337542:C%3D%3E:IP%3D102.0.6.98-:S%3Dcx12X7WsizxAuLROO7O_Cw%3B+path%3D/%3B+domain%3Dgoogle.com%3B+expires%3DFri,+07-Mar-2025+11:52:22+GMT",1,1,31026.959599999827,31026.959599999827,31026.959599999827,31026.959599999827,0.0,0.014486780748324286,0.014486780748324286,31000,31000,31000,31000,31000,31000,31000,31000,31000,31000,31000
GET,"/search?q=locust&google_abuse=GOOGLE_ABUSE_EXEMPTION%3DID%3D455a6660b2c8d19f:TM%3D1741337526:C%3D%3E:IP%3D102.0.6.98-:S%3DgpJYDe-jV6st3TY_9Nc7Bg%3B+path%3D/%3B+domain%3Dgoogle.com%3B+expires%3DFri,+07-Mar-2025+11:52:06+GMT",1,1,23157.193899998674,23157.193899998674,23157.193899998674,23157.193899998674,0.0,0.014486780748324286,0.014486780748324286,23000,23000,23000,23000,23000,23000,23000,23000,23000,23000,23000
GET,"/search?q=locust&google_abuse=GOOGLE_ABUSE_EXEMPTION%3DID%3D7efa90e6a0d2232e:TM%3D1741337533:C%3D%3E:IP%3D102.0.6.98-:S%3D_2sTLOHSNyZYpaNEZ_tHFA%3B+path%3D/%3B+domain%3Dgoogle.com%3B+expires%3DFri,+07-Mar-2025+11:52:13+GMT",1,1,28424.789000011515,28424.789000011515,28424.789000011515,28424.789000011515,0.0,0.014486780748324286,0.014486780748324286,28000,28000,28000,28000,28000,28000,28000,28000,28000,28000,28000
GET,"/search?q=locust&google_abuse=GOOGLE_ABUSE_EXEMPTION%3DID%3D86c9eec1eca77e0b:TM%3D1741337526:C%3D%3E:IP%3D102.0.6.98-:S%3DoBDTAPSNyqm_meDGXmmngg%3B+path%3D/%3B+domain%3Dgoogle.com%3B+expires%3DFri,+07-Mar-2025+11:52:06+GMT",1,1,23987.8624999983,23987.8624999983,23987.8624999983,23987.8624999983,0.0,0.014486780748324286,0.014486780748324286,24000,24000,24000,24000,24000,24000,24000,24000,24000,24000,24000
GET,"/search?q=locust&google_abuse=GOOGLE_ABUSE_EXEMPTION%3DID%3Da36264f1fae74692:TM%3D1741337524:C%3D%3E:IP%3D102.0.6.98-:S%3D5eRZKczJzVMm9wTAKo63rA%3B+path%3D/%3B+domain%3Dgoogle.com%3B+expires%3DFri,+07-Mar-2025+11:52:04+GMT",1,1,52590.40640000603,52590.40640000603,52590.40640000603,52590.40640000603,0.0,0.014486780748324286,0.014486780748324286,53000,53000,53000,53000,53000,53000,53000,53000,53000,53000,53000
GET,"/search?q=locust&google_abuse=GOOGLE_ABUSE_EXEMPTION%3DID%3Dc437681091c8d477:TM%3D1741337524:C%3D%3E:IP%3D102.0.6.98-:S%3Dl0jhHDcnCN4_9M59gxRgQA%3B+path%3D/%3B+domain%3Dgoogle.com%3B+expires%3DFri,+07-Mar-2025+11:52:04+GMT",1,1,22205.756600000313,22205.756600000313,22205.756600000313,22205.756600000313,0.0,0.014486780748324286,0.014486780748324286,22000,22000,22000,22000,22000,22000,22000,22000,22000,22000,22000
GET,"/search?q=locust&google_abuse=GOOGLE_ABUSE_EXEMPTION%3DID%3Dc813e03332ebde18:TM%3D1741337531:C%3D%3E:IP%3D102.0.6.98-:S%3DqGGOGQh3ESXwPTzQWhquPw%3B+path%3D/%3B+domain%3Dgoogle.com%3B+expires%3DFri,+07-Mar-2025+11:52:11+GMT",1,1,30500.00230000296,30500.00230000296,30500.00230000296,30500.00230000296,0.0,0.014486780748324286,0.014486780748324286,31000,31000,31000,31000,31000,31000,31000,31000,31000,31000,31000
GET,"/search?q=locust&google_abuse=GOOGLE_ABUSE_EXEMPTION%3DID%3Dca160d400a967b37:TM%3D1741337525:C%3D%3E:IP%3D102.0.6.98-:S%3DjBJunCYlW_wStjMrtDymRA%3B+path%3D/%3B+domain%3Dgoogle.com%3B+expires%3DFri,+07-Mar-2025+11:52:05+GMT",1,1,54528.88279999024,54528.88279999024,54528.88279999024,54528.88279999024,0.0,0.014486780748324286,0.014486780748324286,55000,55000,55000,55000,55000,55000,55000,55000,55000,55000,55000
GET,"/search?q=locust&google_abuse=GOOGLE_ABUSE_EXEMPTION%3DID%3Dd1db7fb6320e6c45:TM%3D1741337527:C%3D%3E:IP%3D102.0.6.98-:S%3DTMzRxoYaf46rbGa6whb96g%3B+path%3D/%3B+domain%3Dgoogle.com%3B+expires%3DFri,+07-Mar-2025+11:52:07+GMT",1,1,41817.93340000149,41817.93340000149,41817.93340000149,41817.93340000149,0.0,0.014486780748324286,0.014486780748324286,42000,42000,42000,42000,42000,42000,42000,42000,42000,42000,42000
GET,"/search?q=locust&google_abuse=GOOGLE_ABUSE_EXEMPTION%3DID%3De5d12533e90a4fd3:TM%3D1741337527:C%3D%3E:IP%3D102.0.6.98-:S%3D8zUIvc7j8H8FEmnUHMJ22Q%3B+path%3D/%3B+domain%3Dgoogle.com%3B+expires%3DFri,+07-Mar-2025+11:52:07+GMT",1,1,21343.705099992803,21343.705099992803,21343.705099992803,21343.705099992803,0.0,0.014486780748324286,0.014486780748324286,21000,21000,21000,21000,21000,21000,21000,21000,21000,21000,21000
GET,/sorry/index?continue=https://www.google.com/search%3Fq%3Dlocust&q=EgRmAAZiGL7nqr4GIjD3MQb5jJzG3L113tbMGw0yyY_R7mu2kWBZQCTHlz7heRLJs4gmSZbCUIjIAtBJIVwyBj5qY25kcloBQw,1,1,42526.48079999199,42526.48079999199,42526.48079999199,42526.48079999199,0.0,0.014486780748324286,0.014486780748324286,43000,43000,43000,43000,43000,43000,43000,43000,43000,43000,43000
GET,/sorry/index?continue=https://www.google.com/search%3Fq%3Dlocust&q=EgRmAAZiGLTnqr4GIjCxfxuKyDg1BLqx64ZO0yloMNIVdlJeIpxGPm1NjAxpC1Vc3HDclfVXlOAnoFrNp50yBj5qY25kcloBQw,1,1,22348.924899997655,22348.924899997655,22348.924899997655,22348.924899997655,0.0,0.014486780748324286,0.014486780748324286,22000,22000,22000,22000,22000,22000,22000,22000,22000,22000,22000
GET,/sorry/index?continue=https://www.google.com/search%3Fq%3Dlocust&q=EgRmAAZiGL_nqr4GIjDgh240C1xIevW5Jljc-F_uJXM-E2lxDBRTaLXDOUlVtKcZZEUCpxFUDB1Xk7tUPMwyBj5qY25kcloBQw,1,1,28691.983099997742,28691.983099997742,28691.983099997742,28691.983099997742,0.0,0.014486780748324286,0.014486780748324286,29000,29000,29000,29000,29000,29000,29000,29000,29000,29000,29000
GET,/sorry/index?continue=https://www.google.com/search%3Fq%3Dlocust&q=EgRmAAZiGLbnqr4GIjB__tUKfQVCQf73bPTZBK-RMElynnAS4x7LFPfMs3CiOfGSxR74sFOsqo0eA08eF68yBj5qY25kcloBQw,1,1,25228.805000006105,25228.805000006105,25228.805000006105,25228.805000006105,0.0,0.014486780748324286,0.014486780748324286,25000,25000,25000,25000,25000,25000,25000,25000,25000,25000,25000
GET,/sorry/index?continue=https://www.google.com/search%3Fq%3Dlocust&q=EgRmAAZiGLfnqr4GIjCesiDv-vgKVHnrvdgX5PT3grk1XFf3nj9G_rbLdxVCX-EF_Lvkz-gaZvWUzAtiF2gyBj5qY25kcloBQw,3,3,34000.0,31845.145966668497,26180.251199999475,35560.30900000769,0.0,0.043460342244972854,0.043460342244972854,34000,34000,36000,36000,36000,36000,36000,36000,36000,36000,36000
GET,/sorry/index?continue=https://www.google.com/search%3Fq%3Dlocust&q=EgRmAAZiGLjnqr4GIjAhWuIWqvYxZxr9b9tMyJvnzRE4-to96S1CmRGJhKgMG-41Fu587WKZv1D3quxtjV4yBj5qY25kcloBQw,1,1,37298.16590000701,37298.16590000701,37298.16590000701,37298.16590000701,0.0,0.014486780748324286,0.014486780748324286,37000,37000,37000,37000,37000,37000,37000,37000,37000,37000,37000
GET,/sorry/index?continue=https://www.google.com/search%3Fq%3Dlocust&q=EgRmAAZiGLnnqr4GIjAnnFQ_BQtySNfz08qI-ei6JaZ9XMqCWnjz3IGZclRAB1Usbqb6iAYW5Pk_RjiuSmwyBj5qY25kcloBQw,2,2,24000.0,24108.69604999607,23639.201300000423,24578.190799991717,0.0,0.02897356149664857,0.02897356149664857,25000,25000,25000,25000,25000,25000,25000,25000,25000,25000,25000
GET,/sorry/index?continue=https://www.google.com/search%3Fq%3Dlocust&q=EgRmAAZiGLvnqr4GIjDlIGPTFaJsN_07fGgTbb9fLpFGF3DZozwyiXArMVsiDxIyA4xnK53lWpTpRM_jSxMyBj5qY25kcloBQw,1,1,38451.48259999405,38451.48259999405,38451.48259999405,38451.48259999405,0.0,0.014486780748324286,0.014486780748324286,38000,38000,38000,38000,38000,38000,38000,38000,38000,38000,38000
GET,/sorry/index?continue=https://www.google.com/search%3Fq%3Dlocust&q=EgRmAAZiGLznqr4GIjAe0J6mKU_pGw3kBTtxzpXxLYwIbMfLKdoEnVCVxCBnmhpQpHZD_RY9P4ZPVEiUvNYyBj5qY25kcloBQw,1,1,29065.4011000006,29065.4011000006,29065.4011000006,29065.4011000006,0.0,0.014486780748324286,0.014486780748324286,29000,29000,29000,29000,29000,29000,29000,29000,29000,29000,29000
GET,/sorry/index?continue=https://www.google.com/search%3Fq%3Dlocust&q=EgRmAAZiGMDnqr4GIjC_-En6s-FsQe18ieX_M1xMf1s1sO4mDYHDl3UmBgjXxaB2Un4KdC6sp-vw5E8XKZoyBj5qY25kcloBQw,1,1,39827.85000000149,39827.85000000149,39827.85000000149,39827.85000000149,0.0,0.014486780748324286,0.014486780748324286,40000,40000,40000,40000,40000,40000,40000,40000,40000,40000,40000
GET,/sorry/index?continue=https://www.google.com/search%3Fq%3Dlocust&q=EgRmAAZiGMHnqr4GIjC9VfQScA5oR_xFNLHEXW4u_HUuY98nDGlv8CqERc6OZKSsqK_tLQT19pL9FxxbHtAyBj5qY25kcloBQw,2,2,31000.0,31647.49390000361,30670.512900003814,32624.474900003406,0.0,0.02897356149664857,0.02897356149664857,33000,33000,33000,33000,33000,33000,33000,33000,33000,33000,33000
GET,/sorry/index?continue=https://www.google.com/search%3Fq%3Dlocust&q=EgRmAAZiGMTnqr4GIjAS4fqplyb6mJUWzIVV5ojepyoPa2XZO1P5e7FOnvVpMejdpe3xXbuumx-Nb0L7LJkyBj5qY25kcloBQw,2,2,22000.0,30030.62334999413,21734.72259999835,38326.52409998991,0.0,0.02897356149664857,0.02897356149664857,38000,38000,38000,38000,38000,38000,38000,38000,38000,38000,38000
GET,/sorry/index?continue=https://www.google.com/search%3Fq%3Dlocust&q=EgRmAAZiGMXnqr4GIjBFpArU6CxrNwRIAMc-aXEfTC4uUmfc2ztVIUUZOMsPepg2j82VEuJ0tu9LfVW9xc8yBj5qY25kcloBQw,1,1,37363.52270000498,37363.52270000498,37363.52270000498,37363.52270000498,0.0,0.014486780748324286,0.014486780748324286,37000,37000,37000,37000,37000,37000,37000,37000,37000,37000,37000
GET,/sorry/index?continue=https://www.google.com/search%3Fq%3Dlocust&q=EgRmAAZiGMnnqr4GIjBVaiAnozxI1D8BFOvZkROQUMxnglyc69Brl6gR3cXl3fOgbLFQH07fdipIpG0VMhQyBj5qY25kcloBQw,1,1,25283.86209999735,25283.86209999735,25283.86209999735,25283.86209999735,0.0,0.014486780748324286,0.014486780748324286,25000,25000,25000,25000,25000,25000,25000,25000,25000,25000,25000
GET,/sorry/index?continue=https://www.google.com/search%3Fq%3Dlocust&q=EgRmAAZiGMrnqr4GIjDJVqpRAyZ3A1DP2Rr9IetKh8iQDNV_9d7FOo4QnzX91PAueyfQtV_wr3CRYbQVcD0yBj5qY25kcloBQw,2,2,24475.573500007158,26008.098000005702,24475.573500007158,27540.622500004247,0.0,0.02897356149664857,0.02897356149664857,28000,28000,28000,28000,28000,28000,28000,28000,28000,28000,28000
GET,/sorry/index?continue=https://www.google.com/search%3Fq%3Dlocust&q=EgRmAAZiGMvnqr4GIjBIQWCvbt0Js9PWFuw-inA-5-ZZYkxHtaPjm73pgmg_Qq3mWCrQCnmr1zrXx2wnJVgyBj5qY25kcloBQw,1,1,26654.463300001225,26654.463300001225,26654.463300001225,26654.463300001225,0.0,0.014486780748324286,0.014486780748324286,27000,27000,27000,27000,27000,27000,27000,27000,27000,27000,27000
GET,/sorry/index?continue=https://www.google.com/search%3Fq%3Dlocust&q=EgRmAAZiGNLnqr4GIjC07XljJWOXiU6gbD8brw-z7kZ-jn3PtunI6QGfQH9mNQ5N1e-KJ1HgastiixnqLQAyBj5qY25kcloBQw,1,1,33968.1239999918,33968.1239999918,33968.1239999918,33968.1239999918,0.0,0.014486780748324286,0.014486780748324286,34000,34000,34000,34000,34000,34000,34000,34000,34000,34000,34000
GET,/sorry/index?continue=https://www.google.com/search%3Fq%3Dlocust&q=EgRmAAZiGNTnqr4GIjCljUbjeRBfD0LRlRMCN3LiUbLKPQ7vbTeA5SfcTtrsy0c-qqEUfAGdqmuLNNGc0ssyBj5qY25kcloBQw,1,1,34837.9869999917,34837.9869999917,34837.9869999917,34837.9869999917,0.0,0.014486780748324286,0.014486780748324286,35000,35000,35000,35000,35000,35000,35000,35000,35000,35000,35000
,Aggregated,3568,3105,22000.0,23175.784071860937,1103.1596000102581,66172.31080000056,11538.89630044843,51.68883371002105,44.981454223546905,22000,25000,29000,33000,42000,52000,57000,62000,66000,66000,66000
